{
  "success": {
    "status": 200,
    "success": true,
    "auth_token": "2413FB3709B05939F04CF2E92F7D0897FC2596F9AD0B8A9EA855C7BFEBAAE892"
  },
  "smartwatch": {
    "status": 422,
    "success": false,
    "error": "InvalidInfo",
    "message": "Unsupported smartwatch"
  },
  "mail": {
    "status": 422,
    "success": false,
    "error": "InvalidInfo",
    "message": "Mail already in use"
  },
  "ssn": {
    "status": 422,
    "success": false,
    "error": "InvalidInfo",
    "message": "Invalid Fiscal code / SSN"
  }
}