{
  "success": {
    "status": 200,
    "success": true,
    "message": "Joined run $RUN_ID"
  },
  "run_not_found": {
    "status": 404,
    "success": false,
    "error": "RunNotFound",
    "message": "Run not found"
  },
  "run_error": {
    "status": 422,
    "success": false,
    "error": "RunError",
    "message": "Run doesn't accept participants"
  },
  "invalid_credentials": {
    "status": 403,
    "success": false,
    "error": "InvalidCredentials",
    "message": "Invalid credentials"
  }
}