{
  "success": {
    "status": 200,
    "success": true,
    "xml": "http://daata4help.prova.xml"
  },
  "query_too_restricted": {
    "status": 400,
    "success": false,
    "error": "QueryTooRestricted",
    "message": "Query on too few users"
  },
  "bad_request_query": {
    "status": 400,
    "success": false,
    "error": "BadQuery",
    "message": "Query is invalid"
  },
  "bad_request_token": {
    "status": 400,
    "success": false,
    "error": "InvalidToken",
    "message": "Token is invalid"
  },
  "payment_required": {
    "status": 402,
    "success": false,
    "error": "PaymentRequired",
    "message": "Payment required"
  }
}